year,country,ccode,mk_location_ever,mk_responsible_ever,mk_ongoing,widetargeting,narrowtargeting,candidaterestriction,partyban,judicialreform,religiousfreedom,freediscussion,ses_power_dist,pol_killing_approved,freemove_men4,freemove_women4,social_inequality,even_civilrights,repress_civilsoc,social_power_dist,minorityrule,reg.eap,reg.afr,reg.eur,reg.mna,reg.sca,ios.iccpr1,elf.ethnic,countryage.ln,battledeaths.ln,includesnonstate,popsize.ln.combined,imr.sqrt,gdppcgrowth.combined,coup.try.5yr,tradeshare.ln.combined,womeninparliament,efindex,discrimpop,ldiscrimpop,v2cldmovem_ord,v2cldmovew_ord,v2clkill_ord,v2clsocgrp_ord,v2clrgunev_ord,v2csreprss_ord,v2pepwrsoc_ord,v2elrstrct,v2psparban_ord,v2psoppaut_ord,v2jureform_ord,v2clrelig_ord,v2xcl_disc,v2pepwrses_ord,v2pepwrses,e_mipopula,e_cow_exports,e_cow_imports,v2csgender_ord,v2pepwrgen_ord,popsize,popsize.ln,v2mecenefm_ord,partyban.new,v2csgender_binary,v2mecenefm_binary,e_migdppc,e_migdpgro,tradeshare,tradeshare.ln,gdppcgrowth,wdi.trade.new,wdi.gdppc.new,wdi.gdppcgrow.new,wdi.popsize.new,wdi.imrate.new,wdi.trade.ln.new,wdi.popsize.ln,popsize.combined,battledeaths,datastartyear,countryage,anymk.ever,anymk.ongoing
1934,Germany,255,,,,,,1,0,0,1,0.04,0.424,1,0,0,1,1,1,1,1,0,0,1,0,0,0,0.168,4.15888308335967,0,0,18.0199703144239,,0.09,,-4.79922299383031,,,,,2,2,0,0,2,0,0,1,0,0,0,1,0.04,2,0.424,66984.4,1640.551,1752.362,1,0,66984400,18.0199703144239,0,0,1,1,6150,0.09,0.00823614409820357,-4.79922299383031,0.09,,,,,,,,66984400,0,1934,63,,
1935,Germany,255,,,,,,1,0,0,1,0.035,0.424,1,0,0,1,1,1,1,1,0,0,1,0,0,0,0.168,4.17438726989564,0,0,18.0270379757707,,0.07,,-4.87393524130434,,,,,2,2,0,0,2,0,0,1,0,0,0,1,0.035,2,0.424,67459.5,1719,1667,1,0,67459500,18.0270379757707,0,0,1,1,6567,0.07,0.0076432280813536,-4.87393524130434,0.07,,,,,,,,67459500,0,1934,64,,
1936,Germany,255,,,,,,1,0,0,1,0.035,0.424,1,0,0,1,1,1,1,1,0,0,1,0,0,0,0.168,4.18965474202643,0,0,18.0340560356421,,0.08,,-4.89133276524776,,,,,2,2,0,0,2,0,0,1,0,0,0,1,0.035,2,0.424,67934.6,1921.031,1699.436,1,0,67934600,18.0340560356421,0,0,1,1,7095,0.08,0.00751140486155126,-4.89133276524776,0.08,,,,,,,,67934600,0,1934,65,,
1937,Germany,255,,,,,,1,0,0,1,0.035,0.424,1,0,0,1,1,1,1,1,0,0,1,0,0,0,0.168,4.20469261939097,0,0,18.0410251854038,,0.05,,-4.71544947500197,,,,,2,2,0,0,2,0,0,1,0,0,0,1,0.035,2,0.424,68409.7,2376.759,2198.633,1,0,68409700,18.0410251854038,0,0,1,1,7468,0.05,0.00895583973599612,-4.71544947500197,0.05,,,,,,,,68409700,0,1934,66,,
1938,Germany,255,,,,,,1,0,0,1,0.035,0.424,1,0,0,1,1,1,1,1,0,0,1,0,0,0,0.168,4.21950770517611,0,0,18.0479461020669,,0.07,,-4.82890299431322,,,,,2,2,0,0,2,0,0,1,0,0,0,1,0.035,2,0.424,68884.8,2162,2222,1,0,68884800,18.0479461020669,0,0,1,1,7960,0.07,0.0079952873325352,-4.82890299431322,0.07,,,,,,,,68884800,0,1934,67,,
1939,Germany,255,,,,,,1,0,0,1,0.035,0.086,1,0,0,1,1,1,1,1,0,0,1,0,0,0,0.168,4.23410650459726,0,0,18.0548194486824,,0.08,,-4.92264891689975,,,,,1,2,0,0,2,0,0,1,0,0,0,1,0.035,2,0.086,69359.9,2264.824,2086.138,1,0,69359900,18.0548194486824,0,0,1,1,8617,0.08,0.00727982164126609,-4.92264891689975,0.08,,,,,,,,69359900,0,1934,68,,
1940,Germany,255,,,,,,1,0,0,1,0.035,0.086,1,0,0,1,1,1,1,1,0,0,1,0,0,0,0.168,4.24849524204936,0,0,18.061645874722,,0,,-5.02477132498443,,,,,1,2,0,0,2,0,0,1,0,0,0,1,0.035,2,0.086,69835,1947.579,2005.602,1,0,69835000,18.061645874722,0,0,1,1,8612,0,0.00657308942440829,-5.02477132498443,0,,,,,,,,69835000,0,1934,69,,
1941,Germany,255,,,,,,1,0,0,1,0.035,0.086,1,0,0,1,1,1,1,1,0,0,1,0,0,0,0.168,4.26267987704132,0,0,18.0581543565181,,0.06,,-6.81090435537822,,,,,1,2,0,0,2,0,0,1,0,0,0,1,0.035,2,0.086,69591.595,346.803,351.113,1,0,69591595,18.0581543565181,0,0,1,1,9103,0.06,0.00110169612449066,-6.81090435537822,0.06,,,,,,,,69591595,0,1934,70,,
1942,Germany,255,,,,,,1,0,0,1,0.035,0.086,1,0,0,1,1,1,1,1,0,0,1,0,0,0,0.168,4.27666611901606,0,0,18.0546506048892,,0.01,,-4.57288868145929,,,,,1,2,0,0,2,0,0,1,0,0,0,1,0.035,2,0.086,69348.19,3047.984,3504.839,1,0,69348190,18.0546506048892,0,0,1,1,9149,0.01,0.0103280820457359,-4.57288868145929,0.01,,,,,,,,69348190,0,1934,71,,
1943,Germany,255,,,,,,1,0,0,1,0.035,0.086,1,0,0,1,1,1,1,1,0,0,1,0,0,0,0.168,4.29045944114839,0,0,18.0511345338078,,0.03,,-4.55930807790589,,,,,1,2,0,0,2,0,0,1,0,0,0,1,0.035,2,0.086,69104.785,3462.903,3329.839,1,0,69104785,18.0511345338078,0,0,1,1,9389,0.03,0.010469300378125,-4.55930807790589,0.03,,,,,,,,69104785,0,1934,72,,
1944,Germany,255,,,,,,1,0,0,1,0.035,0.086,1,0,0,1,1,1,1,1,0,0,1,0,0,0,0.168,4.30406509320417,0,0,18.0476060563361,,0.03,,-4.80249811716613,,,,,1,2,0,0,2,0,0,1,0,0,0,1,0.035,2,0.086,68861.38,2729.032,2753.226,1,0,68861380,18.0476060563361,0,0,1,1,9698,0.03,0.00820921383451008,-4.80249811716613,0.03,,,,,,,,68861380,0,1934,73,,
1945,Germany,255,0,0,0,0,0,,,,,,,,,,,,,0,,0,0,1,0,0,0,0.168,4.31748811353631,0,0,,,,0,,0,0.072,0,0,,,,,,,,,,,,,,,,,,,,,,,,,,,,,,,,,,,,,,,,0,1934,74,0,0
1946,Germany,255,0,0,0,0,0,,,,,,,,,,,,,0,,0,0,1,0,0,0,0.168,4.33073334028633,0,0,,,,0,,0,0.072,0,0,,,,,,,,,,,,,,,,,,,,,,,,,,,,,,,,,,,,,,,,0,1934,75,0,0
1947,Germany,255,0,0,0,0,0,,,,,,,,,,,,,0,,0,0,1,0,0,0,0.168,4.34380542185368,0,0,,,,0,,0,0.072,0,0,,,,,,,,,,,,,,,,,,,,,,,,,,,,,,,,,,,,,,,,0,1934,76,0,0
1948,Germany,255,0,0,0,0,0,,,,,,,,,,,,,0,,0,0,1,0,0,0,0.168,4.35670882668959,0,0,,,,0,,0,0.072,0,0,,,,,,,,,,,,,,,,,,,,,,,,,,,,,,,,,,,,,,,,0,1934,77,0,0
1949,Germany,255,0,0,0,0,0,1,4,2,4,0.889,1.643,0,1,1,0,1,0,0,0,0,0,1,0,0,0,0.168,4.36944785246702,0,0,18.0440650846123,,-0.46,0,,0,0.072,0,0,4,4,4,4,2,4,3,1,4,4,2,4,0.889,3,1.643,68617.975,,,3,2,68617975,18.0440650846123,4,2,0,0,5231,-0.46,,,-0.46,,,,,,,,68617975,0,1934,78,0,0
1950,Germany,255,0,0,0,0,0,1,4,1,4,0.905,1.643,0,1,1,0,1,0,0,0,0,0,1,0,0,0,0.168,4.38202663467388,0,0,18.0405115298384,,0.18,0,,0,0.073,0,0,4,4,4,4,2,4,3,1,4,4,1,4,0.905,3,1.643,68374.57,,,3,2,68374570,18.0405115298384,4,2,0,0,6186,0.18,,,0.18,,,,,,,,68374570,0,1934,79,0,0
1951,Germany,255,0,0,0,0,0,1,4,2,4,0.905,1.643,0,1,1,0,1,0,0,0,0,0,1,0,0,0,0.168,4.39444915467244,0,0,18.0464991634837,,0.08,0,,0,0.074,0,0,4,4,4,4,2,4,3,1,4,4,2,4,0.905,3,1.643,68785.2,,,3,2,68785200,18.0464991634837,4,2,0,0,6704,0.08,,,0.08,,,,,,,,68785200,0,1934,80,0,0
1952,Germany,255,0,0,0,0,0,1,3,1,4,0.905,1.643,0,1,1,0,1,0,0,0,0,0,1,0,0,0,0.168,4.40671924726425,0,0,18.0524511586566,,0.08,0,,0,0.076,0,0,4,4,4,4,2,4,3,1,3,4,1,4,0.905,3,1.643,69195.83,,,3,2,69195830,18.0524511586566,4,1,0,0,7257,0.08,,,0.08,,,,,,,,69195830,0,1934,81,0,0
1953,Germany,255,0,0,0,0,0,1,4,1,4,0.905,1.643,0,1,1,0,1,0,0,0,0,0,1,0,0,0,0.168,4.4188406077966,0,0,18.0583679370895,,0.08,0,,0,0.077,0,0,4,4,4,4,2,4,3,1,4,4,1,4,0.905,3,1.643,69606.46,,,3,2,69606460,18.0583679370895,4,2,0,0,7818,0.08,,,0.08,,,,,,,,69606460,0,1934,82,0,0
1954,Germany,255,0,0,0,0,0,1,4,1,4,0.905,1.643,0,1,1,0,1,0,0,0,0,0,1,0,0,0,0.168,4.43081679884331,0,0,18.0642499130728,,0.07,0,,0,0.078,0,0,4,4,4,4,2,4,3,1,4,4,1,4,0.905,3,1.643,70017.09,,,3,2,70017090,18.0642499130728,4,2,0,0,8364,0.07,,,0.07,,,,,,,,70017090,0,1934,83,0,0
1955,Germany,255,0,0,0,0,0,1,4,1,4,0.905,1.643,0,1,1,0,1,0,0,0,0,0,1,0,0,0,0.168,4.44265125649032,0,0,18.0700974936291,,0.1,0,-4.01257490004622,0,0.079,0,0,4,4,4,4,2,4,3,1,4,4,1,4,0.905,3,1.643,70427.72,6090,5680,3,2,70427720,18.0700974936291,4,2,0,0,9240,0.1,0.0180867636182106,-4.01257490004622,0.1,,,,,,,,70427720,0,1934,84,0,0
1956,Germany,255,0,0,0,0,0,1,3,1,4,0.905,1.643,0,1,1,0,1,0,0,0,0,0,1,0,0,0,0.168,4.45434729625351,0,0,18.0759110786822,,0.07,0,-3.92062565637725,0,0.08,0,0,4,4,4,4,2,4,3,1,3,4,1,4,0.905,3,1.643,70838.35,7300,6530,3,2,70838350,18.0759110786822,4,1,0,0,9846,0.07,0.0198286849194598,-3.92062565637725,0.07,,,,,,,,70838350,0,1934,85,0,0
1957,Germany,255,0,0,0,0,0,1,4,1,4,0.905,1.643,0,1,1,0,1,0,0,0,0,0,1,0,0,0,0.168,4.46590811865458,0,0,18.0816910612211,,0.05,0,-3.83476964365864,0,0.082,0,0,4,4,4,4,2,4,3,1,4,4,1,4,0.905,3,1.643,71248.98,8510,7420,3,2,71248980,18.0816910612211,4,2,0,0,10348,0.05,0.0216063150486455,-3.83476964365864,0.05,,,,,,,,71248980,0,1934,86,0,0
1958,Germany,255,0,0,0,0,0,1,4,1,4,0.905,1.643,0,1,1,0,1,0,0,0,0,0,1,0,0,0,0.168,4.47733681447821,0,0,18.0874378274595,,0.04,0,-3.87072364193298,0,0.083,0,0,4,4,4,4,2,4,3,1,4,4,1,4,0.905,3,1.643,71659.61,8750,7290,3,2,71659610,18.0874378274595,4,2,0,0,10739,0.04,0.0208432808944503,-3.87072364193298,0.04,,,,,,,,71659610,0,1934,87,0,0
1959,Germany,255,0,0,0,0,0,1,4,1,4,0.905,1.643,0,1,1,0,1,0,0,0,0,0,1,0,0,0,0.168,4.48863636973214,0,0,18.0931517569908,,0.07,0,-3.81774088436336,0,0.084,0,0,4,4,4,4,2,4,3,1,4,4,1,4,0.905,3,1.643,72070.24,9750,8370,3,2,72070240,18.0931517569908,4,2,0,0,11440,0.07,0.0219773943296995,-3.81774088436336,0.07,,,,,,,,72070240,0,1934,88,0,0
1960,Germany,255,0,0,0,0,0,1,4,1,4,0.905,1.643,0,1,1,0,1,0,0,0,0,0,1,0,0,0,0.168,4.49980967033027,0,0,18.0988332229382,,0.07,0,-3.72834693199721,0,0.086,0,0,4,4,4,4,2,4,3,1,4,4,1,4,0.905,3,1.643,72480.87,11381,10013,3,2,72480870,18.0988332229382,4,2,0,0,12282,0.07,0.0240325304258153,-3.72834693199721,0.07,,,,72814900,,,18.1034311625545,72480870,0,1934,89,0,0
1961,Germany,255,0,0,0,0,0,1,4,1,4,0.905,1.643,0,1,1,0,1,0,0,0,0,0,1,0,0,0,0.168,4.51085950651685,0,0,18.1061220286515,,0.03,0,-3.67188182316224,0,0.087,0,0,4,4,4,4,2,4,3,1,4,4,1,4,0.905,3,1.643,73011.099,12650,10882,3,2,73011099,18.1061220286515,4,2,0,0,12675,0.03,0.0254285728165423,-3.67188182316224,0.03,,,,73377632,,,18.1111297059973,73011099,0,1934,90,0,0
1962,Germany,255,0,0,0,0,0,1,4,1,4,0.905,1.643,0,1,1,0,1,0,0,0,0,0,1,0,0,0,0.168,4.52178857704904,0,0,18.113358091874,,0.03,0,-3.63322009541821,0,0.088,0,0,4,4,4,4,2,4,3,1,4,4,1,4,0.905,3,1.643,73541.328,13235,12240,3,2,73541328,18.113358091874,4,2,0,0,13106,0.03,0.0264309370908805,-3.63322009541821,0.03,,,,74025784,,,18.1199240229124,73541328,0,1934,91,0,0
1963,Germany,255,0,0,0,0,0,1,4,1,4,0.905,1.643,0,1,1,0,1,0,0,0,0,0,1,0,0,0,0.168,4.53259949315326,0,0,18.1205421704247,,0.02,0,-3.58221741362911,0,0.09,0,0,4,4,4,4,2,4,3,1,4,4,1,4,0.905,3,1.643,74071.557,14587,12952,3,2,74071557,18.1205421704247,4,2,0,0,13367,0.02,0.0278139547827226,-3.58221741362911,0.02,,,,74714353,,,18.1291827735471,74071557,0,1934,92,0,0
1964,Germany,255,0,0,0,0,0,1,4,1,4,0.905,1.643,0,1,1,0,1,0,0,0,0,0,1,0,0,0,0.168,4.54329478227,0,0,18.1276750059062,,0.05,0,-3.52776880264253,0,0.091,0,0,4,4,4,4,2,4,3,1,4,4,1,4,0.905,3,1.643,74601.786,16176,14635,3,2,74601786,18.1276750059062,4,2,0,0,14062,0.05,0.0293703739156413,-3.52776880264253,0.05,,,,75318337,,,18.1372341823804,74601786,0,1934,93,0,0
1965,Germany,255,0,0,0,0,0,1,4,1,4,0.905,1.643,0,1,1,0,1,0,0,0,0,0,1,0,0,0,0.168,4.55387689160054,0,0,18.134757324164,,0.04,0,-3.43662681695064,0,0.093,0,0,4,4,4,4,2,4,3,1,4,4,1,4,0.905,3,1.643,75132.015,17857,17536,3,2,75132015,18.134757324164,4,2,0,0,14642,0.04,0.0321730280080076,-3.43662681695064,0.04,,,,75963695,,,18.1457660867485,75132015,0,1934,94,0,0
1966,Germany,255,0,0,0,0,0,1,4,1,4,0.905,2.05,0,1,1,0,1,0,0,0,0,0,1,0,0,0,0.168,4.56434819146784,0,0,18.1417898357301,,0.02,0,-3.38642448010739,0,0.094,0,0,4,4,4,4,2,4,3,1,4,4,1,4,0.905,3,2.05,75662.244,20147,18155,3,2,75662244,18.1417898357301,4,2,0,0,14964,0.02,0.0338294186730533,-3.38642448010739,0.02,,,,76600311,,,18.1541116947548,75662244,0,1934,95,0,0
1967,Germany,255,0,0,0,0,0,1,4,1,4,0.905,2.05,0,1,1,0,1,0,0,0,0,0,1,0,0,0,0.168,4.57471097850338,0,0,18.1487732362503,,0,0,-3.36896731699504,0,0.096,0,0,4,4,4,4,2,4,3,1,4,4,1,4,0.905,3,2.05,76192.473,21752,17537,3,2,76192473,18.1487732362503,4,2,0,0,14979,0,0.0344251692809605,-3.36896731699504,0,,,,76951336,,,18.1586837800218,76192473,0,1934,96,0,0
1968,Germany,255,0,0,0,0,0,1,4,1,4,0.905,2.05,0,1,1,0,1,0,0,0,0,0,1,0,0,0,0.168,4.58496747867057,0,0,18.1557082068974,4.83735464897913,0.05,0,-3.28462347998622,0,0.097,0,0,4,4,4,4,2,4,3,1,4,4,1,4,0.905,3,2.05,76722.702,24885,20297,4,2,76722702,18.1557082068974,4,2,0,0,15723,0.05,0.0374546848772815,-3.28462347998622,0.05,,,,77294314,23.4,,18.1631309532842,76722702,0,1934,97,0,0
1969,Germany,255,0,0,0,0,0,1,4,2,4,0.905,2.05,0,1,1,0,1,0,0,0,0,0,1,0,0,0,0.168,4.59511985013459,0,0,18.1625954147699,4.76445169982864,0.06,0,-3.16586765639899,0,0.099,0,0,4,4,4,4,2,4,4,1,4,4,2,4,0.905,3,2.05,77252.931,29114,25108,4,2,77252931,18.1625954147699,4,2,0,0,16641,0.06,0.0421775303292249,-3.16586765639899,0.06,,,,77909682,22.7,,18.1710607906661,77252931,0,1934,98,0,0
1970,Germany,255,0,0,0,0,0,1,4,1,4,0.905,2.232,0,1,1,0,1,0,0,0,0,0,1,0,0,0,0.168,4.60517018598809,0,0,18.1694355132773,4.70106370941726,0.04,0,-3.04151597412593,0,0.1,0,0,4,4,4,4,2,4,4,1,4,4,1,4,0.905,3,2.232,77783.16,34230,29956,4,2,77783160,18.1694355132773,4,2,0,0,17277,0.04,0.0477624279781775,-3.04151597412593,0.04,31.7107087065897,17894.2966855025,,78169289,22.1,3.45665443792491,18.1743874045942,77783160,0,1934,99,0,0
1971,Germany,255,0,0,0,0,0,1,4,1,4,0.905,2.232,0,1,1,0,1,0,0,0,0,0,1,0,0,0,0.168,4.61512051684126,0,0,18.1700970571863,4.62601340248815,0.02,0,-2.93024456129929,0,0.102,0,0,4,4,4,4,2,4,4,1,4,4,1,4,0.905,3,2.232,77834.634,38966,34401,4,2,77834634,18.1700970571863,4,2,0,0,17657,0.02,0.0533839808928842,-2.93024456129929,0.02,30.8437604701513,18421.0421814761,3.13269973811248,78312842,21.4,3.42893447609149,18.1762221577299,77834634,0,1934,100,0,0
1972,Germany,255,0,0,0,0,0,1,4,1,4,0.905,2.232,0,1,1,0,1,0,0,0,0,0,1,0,0,0,0.168,4.62497281328427,0,0,18.1707581637442,4.53872228716409,0.04,0,-2.79499603455691,0,0.103,0,0,4,4,4,4,2,4,4,1,4,4,1,4,0.905,3,2.232,77886.108,46732,40381.1,4,2,77886108,18.1707581637442,4,2,0,0,18301,0.04,0.0611151166806251,-2.79499603455691,0.04,30.7327137062479,19121.4978922895,4.30034133420232,78688452,20.6,3.42532768028928,18.1810069681865,77886108,0,1934,101,0,0
1973,Germany,255,0,0,0,0,0,1,4,1,4,0.905,2.232,0,1,1,0,1,0,0,0,0,0,1,0,0,0,0.168,4.63472898822964,0,0,18.1714188335291,4.43846820423443,0.04,0,-2.49605727647375,0,0.105,0,0,4,4,4,4,2,4,4,1,4,4,1,4,0.905,3,2.232,77937.582,67600,54908.1,4,2,77937582,18.1714188335291,4,2,0,0,19074,0.04,0.082409275926925,-2.49605727647375,0.04,31.7032168786672,19972.0254072346,4.77748689217385,78936666,19.7,3.45641815455692,18.1841563926985,77937582,0,1934,102,0,0
1974,Germany,255,0,0,0,0,0,1,4,1,4,0.905,2.232,0,1,1,0,1,0,0,0,0,0,1,0,0,0,0.168,4.64439089914137,0,0,18.1720790671175,4.33589667773576,0.01,0,-2.24521368712643,0,0.107,0,0,4,4,4,4,2,4,4,1,4,4,1,4,0.905,3,2.232,77989.056,89210,69602.2,4,2,77989056,18.1720790671175,4,2,0,0,19228,0.01,0.105904907440103,-2.24521368712643,0.01,36.9529209561801,20141.9394753194,0.890068740587211,78967433,18.8,3.60964469585789,18.1845460849305,77989056,0,1934,103,0,0
1975,Germany,255,0,0,0,0,0,1,4,1,4,0.905,2.232,0,1,1,0,1,0,0,0,0,0,1,0,0,0,0.168,4.65396035015752,0,0,18.1727388650852,4.20713679359253,0,0,-2.20571513553244,0,0.108,0,0,4,4,4,4,2,4,4,1,4,4,1,4,0.905,3,2.232,78040.53,90099,74919.7,4,2,78040530,18.1727388650852,4,2,0,0,19193,0,0.110171709421747,-2.20571513553244,0,35.9068477988722,20041.9479922639,-0.866738894227723,78673554,17.7,3.58092802379113,18.1808176213369,78040530,0,1934,104,0,0
1976,Germany,255,0,0,0,0,0,1,4,1,4,0.905,2.232,0,1,1,0,1,0,0,0,0,0,1,0,0,0,0.168,4.66343909411207,0,0,18.1733982280065,4.07430975749267,0.05,0,-2.11711799809805,0,0.11,0,0,4,4,4,4,2,4,4,1,4,4,1,4,0.905,3,2.232,78092.004,101920.6,88140,4,2,78092004,18.1733982280065,4,2,0,0,20218,0.05,0.120378058859797,-2.11711799809805,0.05,38.3701405541903,21124.2556950912,4.94925837665457,78336950,16.6,3.64727956737934,18.1765299525873,78092004,0,1934,105,0,0
1977,Germany,255,0,0,0,0,0,1,4,1,4,0.905,2.232,0,1,1,0,1,0,0,0,0,0,1,0,0,0,0.168,4.67282883446191,0,0,18.1740571564548,3.93700393700591,0.03,0,-2.00430373369858,0,0.112,0,0,4,4,4,4,2,4,4,1,4,4,1,4,0.905,3,2.232,78143.478,117998.1,101418.7,4,2,78143478,18.1740571564548,4,2,0,0,20837,0.03,0.134754087769879,-2.00430373369858,0.03,38.1039605229245,21880.8076281356,3.34721812001672,78159814,15.5,3.64031822746308,18.1742661859621,78143478,0,1934,106,0,0
1978,Germany,255,0,0,0,0,0,1,4,1,4,0.948,2.232,0,1,1,0,1,0,0,0,0,0,1,0,0,0,0.168,4.68213122712422,0,0,18.1747156510023,3.79473319220206,0.03,0,-1.84731390129189,0,0.113,0,0,4,4,4,4,2,4,4,1,4,4,1,4,0.948,3,2.232,78194.952,142598.7,121804.7,4,2,78194952,18.1747156510023,4,2,0,0,21447,0.03,0.157660088614166,-1.84731390129189,0.03,37.1805928204973,22558.714790358,3.00849285673846,78091820,14.4,3.61578692677343,18.1733958718086,78194952,0,1934,107,0,0
1979,Germany,255,0,0,0,0,0,1,4,1,4,0.948,2.232,0,1,1,0,1,0,0,0,0,0,1,0,0,0,0.168,4.69134788222914,0,0,18.17537371222,3.67423461417477,0.04,0,-1.65989815453299,0,0.115,0,0,4,4,4,4,2,4,4,1,4,4,1,4,0.948,3,2.232,78246.426,172045.7,159835.1,4,2,78246426,18.17537371222,4,2,0,0,22305,0.04,0.190158345880888,-1.65989815453299,0.04,39.224573364244,23484.5991918307,4.15036334066737,78126350,13.5,3.66930342193137,18.1738379458715,78246426,0,1934,108,0,0
1980,Germany,255,0,0,0,0,0,1,4,1,4,0.948,2.232,0,1,1,0,1,0,0,0,0,0,1,0,0,0,0.168,4.70048036579242,0,0,18.176031340678,3.54964786985977,0.01,0,-1.53150450488516,0,0.117,0,0,4,4,4,4,2,4,4,1,4,4,1,4,0.948,3,2.232,78297.9,192843.4,188003.8,4,2,78297900,18.176031340678,4,2,0,0,22497,0.01,0.216210133291888,-1.53150450488516,0.01,41.854070791428,23766.107651563,1.40882863572145,78288576,12.6,3.73418906320683,18.1759122499334,78297900,0,1934,109,0,0
1981,Germany,255,0,0,0,0,0,1,4,1,4,0.948,1.723,0,1,1,0,1,0,0,0,0,0,1,0,0,0,0.168,4.70953020131233,0,0,18.1774129133675,3.43511280746353,0,0,-1.6489298380999,0,0.119,0,0,4,4,4,4,2,4,4,1,4,4,1,4,0.948,3,1.723,78406.149,176072.5,163891.8,4,2,78406149,18.1774129133675,4,2,0,0,22553,0,0.192255543127359,-1.6489298380999,0,44.1831226459558,23855.5258569738,0.529240556536067,78407907,11.8,3.78834287557474,18.177435334827,78406149,0,1934,110,0,0
1982,Germany,255,0,0,0,0,0,1,4,1,4,0.948,1.723,0,1,1,0,1,0,0,0,0,0,1,0,0,0,0.168,4.71849887129509,0,0,18.1787925799471,3.3166247903554,-0.01,0,-1.66694628062104,0,0.12,0,0,4,4,4,4,2,4,4,1,4,4,1,4,0.948,3,1.723,78514.398,176418.2,155372.2,4,2,78514398,18.1787925799471,4,2,0,0,22380,-0.01,0.188822797966202,-1.66694628062104,-0.01,44.3878637812521,23783.9454870064,-0.394840774795966,78333366,11,3.79296609381438,18.1764842004615,78514398,0,1934,111,0,0
1983,Germany,255,0,0,0,0,0,1,4,1,4,0.948,1.723,0,1,1,0,1,0,0,0,0,0,1,0,0,0,0.168,4.72738781871234,0,0,18.180170345669,3.22490309931942,0.02,0,-1.71750237776486,0,0.122,0,0,4,4,4,4,2,4,4,1,4,4,1,4,0.948,3,1.723,78622.647,169423.8,152936.8,4,2,78622647,18.180170345669,4,2,0,0,22840,0.02,0.179513946487132,-1.71750237776486,0.02,43.5755726577335,24221.3403747435,1.57241016952116,78128282,10.4,3.7744967332069,18.1738626747385,78622647,0,1934,112,0,0
1984,Germany,255,0,0,0,0,0,1,4,1,4,0.948,1.723,0,1,1,0,1,0,0,0,0,0,1,0,0,0,0.168,4.7361984483945,0,0,18.181546215764,3.13049516849971,0.03,0,-1.74281037063029,0,0.124,0,0,4,4,4,4,2,4,4,1,4,4,1,4,0.948,3,1.723,78730.896,171711.7,153002.5,4,2,78730896,18.181546215764,4,2,0,0,23564,0.03,0.175027815735338,-1.74281037063029,0.03,46.2426559117963,24991.3336835112,2.82294780997955,77858685,9.8,3.8339026602535,18.1704060107155,78730896,0,1934,113,0,0
1985,Germany,255,0,0,0,0,0,1,4,1,4,0.948,1.723,0,1,1,0,1,0,0,0,0,0,1,0,0,0,0.168,4.74493212836325,0,0,18.1829201954411,3.03315017762062,0.02,0,-1.71504582315866,0,0.126,0,0,4,4,4,4,2,4,4,1,4,4,1,4,0.948,3,1.723,78839.145,183902.7,158485.1,4,2,78839145,18.1829201954411,4,2,0,0,24133,0.02,0.179955474395922,-1.71504582315866,0.02,47.9153501709494,25630.3329976336,2.32793526226367,77684873,9.2,3.86943591593868,18.1681711116997,78839145,0,1934,114,0,0
1986,Germany,255,0,0,0,0,0,1,4,1,4,0.948,1.723,0,1,1,0,1,0,0,0,0,0,1,0,0,0,0.168,4.75359019110636,0,0,18.1842922898881,2.94957624075053,0.02,0,-1.49995299909511,0,0.128,0,0,4,4,4,4,2,4,4,1,4,4,1,4,0.948,3,1.723,78947.394,243301.6,191065.3,4,2,78947394,18.1842922898881,4,2,0,0,24657,0.02,0.223140647714327,-1.49995299909511,0.02,42.9446314642645,26204.5895785314,2.28733922127036,77720436,8.7,3.75991164560643,18.1686287923394,78947394,0,1934,115,0,0
1987,Germany,255,0,0,0,0,0,1,4,1,4,0.948,1.723,0,1,1,0,1,0,0,0,0,0,1,0,0,0,0.168,4.76217393479776,0,0,18.1856625042712,2.88097205817759,0.02,0,-1.33153177516231,0,0.13,0,0,4,4,4,4,2,4,4,1,4,4,1,4,0.948,3,1.723,79055.643,294138.1,228336,4,2,79055643,18.1856625042712,4,2,0,0,25027,0.02,0.264072451717752,-1.33153177516231,0.02,41.6894700598024,26531.229705288,1.40215162742055,77839920,8.3,3.73024858036558,18.1701649680923,79055643,0,1934,116,0,0
1988,Germany,255,0,0,0,0,0,1,4,1,4,0.948,1.723,0,1,1,0,1,0,0,0,0,0,1,0,0,0,0.168,4.77068462446567,0,0,18.1870308437356,2.79284800875379,0.03,0,-1.26786645180472,0,0.132,0,0,4,4,4,4,2,4,4,1,4,4,1,4,0.948,3,1.723,79163.892,323336.3,250553.8,4,2,79163892,18.1870308437356,4,2,0,0,25759,0.03,0.281431429209707,-1.26786645180472,0.03,42.5265238948391,27407.5200661963,3.70723565949591,78144619,7.8,3.75012797290944,18.1740717576947,79163892,0,1934,117,0,0
1989,Germany,255,0,0,0,0,0,1,4,1,4,0.948,1.723,0,1,1,0,1,0,0,0,0,0,1,0,0,0,0.168,4.77912349311153,0,1,18.1883973134053,2.72029410174709,0.02,0,-1.23084490057247,0,0.134,0,0,4,4,4,4,2,4,4,1,4,4,1,4,0.948,3,1.723,79272.141,341360.389,269666.324,4,2,79272141,18.1883973134053,4,2,0,0,26393,0.02,0.29204572381282,-1.23084490057247,0.02,45.2159180692242,28256.1062209731,3.89655169214447,78751283,7.4,3.8114491945141,18.1818051276008,79272141,0,1934,118,0,0
1990,Germany,255,0,0,0,0,0,1,4,1,4,0.976,1.723,0,1,1,0,1,0,0,0,0,0,1,0,0,0,0.168,4.78749174278205,0,1,18.1897619183835,2.64575131106459,-0.04,0,-0.981009898408385,0,0.136,0,0,4,4,4,4,2,4,4,1,4,4,1,4,0.976,3,1.723,79380.39,409229.69,346464.091,4,3,79380390,18.1897619183835,4,2,0,0,25391,-0.04,0.374932264094527,-0.981009898408385,-0.04,45.8635875773293,29485.7099744881,5.25500608278011,79433029,7,3.8256715032695,18.1904248220884,79380390,0,1934,119,0,0
1937,Sri Lanka (Ceylon),780,,,,,,1,4,1,4,0.817,-1.818,0,1,0,0,1,0,1,1,0,0,0,0,1,0,0.415,,0,0,15.6082528773702,,0.06,,,,,,,4,3,4,3,2,3,1,1,4,3,1,4,0.817,0,-1.818,6005.9,,,4,0,6005900,15.6082528773702,3,2,0,0,1988,0.06,,,0.06,,,,,,,,6005900,0,1948,,,
1938,Sri Lanka (Ceylon),780,,,,,,1,4,1,4,0.817,-1.818,0,1,0,0,1,0,1,1,0,0,0,0,1,0,0.415,,0,0,15.6153373982701,,-0.02,,,,,,,4,3,4,3,2,3,1,1,4,3,1,4,0.817,0,-1.818,6048.6,,,4,0,6048600,15.6153373982701,3,2,0,0,1953,-0.02,,,-0.02,,,,,,,,6048600,0,1948,,,
1939,Sri Lanka (Ceylon),780,,,,,,1,4,1,4,0.817,-1.818,0,1,0,0,1,0,1,1,0,0,0,0,1,0,0.415,,0,0,15.622372081602,,-0.03,,,,,,,4,3,4,3,2,3,1,1,4,3,1,4,0.817,0,-1.818,6091.3,,,4,0,6091300,15.622372081602,3,2,0,0,1890,-0.03,,,-0.03,,,,,,,,6091300,0,1948,,,
1940,Sri Lanka (Ceylon),780,,,,,,1,4,1,4,0.817,-1.818,0,1,0,0,1,0,1,1,0,0,0,0,1,0,0.415,,0,0,15.6293576236563,,0.06,,,,,,,4,3,4,3,2,3,1,1,4,3,1,4,0.817,0,-1.818,6134,,,4,0,6134000,15.6293576236563,3,2,0,0,1994,0.06,,,0.06,,,,,,,,6134000,0,1948,,,
1941,Sri Lanka (Ceylon),780,,,,,,1,4,1,4,0.817,-1.818,0,1,0,0,1,0,1,1,0,0,0,0,1,0,0.415,,0,0,15.6519103227143,,0.02,,,,,,,4,3,4,3,2,3,1,1,4,3,1,4,0.817,0,-1.818,6273.91,,,4,0,6273910,15.6519103227143,3,2,0,0,2036,0.02,,,0.02,,,,,,,,6273910,0,1948,,,
1942,Sri Lanka (Ceylon),780,,,,,,1,4,1,4,0.817,-1.818,0,1,0,0,1,0,1,1,0,0,0,0,1,0,0.415,,0,0,15.6739654393173,,0.04,,,,,,,4,3,4,3,2,3,1,1,4,3,1,4,0.817,0,-1.818,6413.819,,,4,0,6413819,15.6739654393173,3,2,0,0,2109,0.04,,,0.04,,,,,,,,6413819,0,1948,,,
1943,Sri Lanka (Ceylon),780,,,,,,1,4,1,4,0.817,-1.818,0,1,0,0,1,0,1,1,0,0,0,0,1,0,0.415,,0,0,15.6955447585914,,-0.03,,,,,,,4,3,4,3,2,3,1,1,4,3,1,4,0.817,0,-1.818,6553.729,,,4,0,6553729,15.6955447585914,3,2,0,0,2047,-0.03,,,-0.03,,,,,,,,6553729,0,1948,,,
1944,Sri Lanka (Ceylon),780,,,,,,1,4,1,4,0.817,-1.818,0,1,0,0,1,0,1,1,0,0,0,0,1,0,0.415,,0,0,15.7166682304077,,-0.1,,,,,,,4,3,4,3,2,3,1,1,4,3,1,4,0.817,0,-1.818,6693.639,,,4,0,6693639,15.7166682304077,3,2,0,0,1839,-0.1,,,-0.1,,,,,,,,6693639,0,1948,,,
1945,Sri Lanka (Ceylon),780,,,,,,1,4,1,4,0.817,-1.818,0,1,0,0,1,0,1,1,0,0,0,0,1,0,0.415,,0,0,15.7373545695812,,-0.03,,,,,,,4,3,4,3,2,3,1,1,4,3,1,4,0.817,0,-1.818,6833.548,,,4,0,6833548,15.7373545695812,3,2,0,0,1779,-0.03,,,-0.03,,,,,,,,6833548,0,1948,,,
1946,Sri Lanka (Ceylon),780,,,,,,1,4,1,4,0.817,-1.818,0,1,0,0,1,0,1,1,0,0,0,0,1,0,0.415,,0,0,15.7576217859621,,-0.06,,,,,,,4,3,4,3,2,3,1,1,4,3,1,4,0.817,0,-1.818,6973.458,,,4,0,6973458,15.7576217859621,3,2,0,0,1674,-0.06,,,-0.06,,,,,,,,6973458,0,1948,,,
1947,Sri Lanka (Ceylon),780,,,,,,1,4,1,4,0.817,-1.818,0,1,0,0,1,0,1,1,0,0,0,0,1,0,0.415,,0,0,15.7774863886349,,0.02,,,,,,,4,3,4,3,2,3,1,1,4,3,1,4,0.817,0,-1.818,7113.368,,,4,0,7113368,15.7774863886349,3,2,0,0,1710,0.02,,,0.02,,,,,,,,7113368,0,1948,,,
1948,Sri Lanka (Ceylon),780,0,0,0,0,0,1,4,1,4,0.874,-1.541,0,1,0,0,0,0,1,1,0,0,0,0,1,0,0.415,0,0,0,15.7969640625783,,0.08,0,-3.10951523496347,0,0.478,0.12,0.12121212,4,3,4,3,1,4,1,1,4,4,1,4,0.874,0,-1.541,7253.278,300.5,297.3,4,0,7253278,15.7969640625783,3,2,0,0,1847,0.08,0.0446225815654149,-3.10951523496347,0.08,,,,,,,,7253278,0,1948,0,0,0
1949,Sri Lanka (Ceylon),780,0,0,0,0,0,1,4,1,4,0.874,-1.541,0,1,0,0,0,0,1,1,0,0,0,0,1,0,0.415,0.693147180559945,0,0,15.8160694584166,,0.03,0,-3.20383423308473,0,0.476,0.12,0.12121212,4,3,4,2,1,4,1,1,4,4,1,4,0.874,0,-1.541,7393.187,288.6,285.1,4,0,7393187,15.8160694584166,3,2,0,0,1911,0.03,0.0406062114342609,-3.20383423308473,0.03,,,,,,,,7393187,0,1948,1,0,0
1950,Sri Lanka (Ceylon),780,0,0,0,0,0,1,4,1,4,0.874,-1.541,0,1,0,0,0,0,1,1,0,0,0,0,1,0,0.415,1.09861228866811,0,0,15.8348168034009,,0.05,0,-3.28684992038,0,0.474,0.12,0.12121212,4,3,4,2,1,4,1,1,4,4,1,4,0.874,0,-1.541,7533.097,323.1,239.1,4,0,7533097,15.8348168034009,3,2,0,0,1997,0.05,0.0373713870172039,-3.28684992038,0.05,,,,,,,,7533097,0,1948,2,0,0
1951,Sri Lanka (Ceylon),780,0,0,0,0,0,1,4,1,4,0.874,-1.541,0,1,0,0,0,0,1,1,0,0,0,0,1,0,0.415,1.38629436111989,0,0,15.8659206095991,,0.03,0,-3.10655977086451,0,0.472,0.12,0.12121212,4,3,4,2,1,4,1,1,4,4,1,4,0.874,0,-1.541,7771.087,394.6,322.2,4,0,7771087,15.8659206095991,3,2,0,0,2061,0.03,0.0447546570793165,-3.10655977086451,0.03,,,,,,,,7771087,0,1948,3,0,0
1952,Sri Lanka (Ceylon),780,0,0,0,0,0,1,4,1,4,0.874,-0.773,0,1,0,0,0,0,1,0,0,0,0,0,1,0,0.415,1.6094379124341,0,0,15.896086206302,,0.02,0,-3.23711672142084,6.7,0.47,0.12,0.12121212,4,3,4,2,1,4,2,1,4,4,1,4,0.874,1,-0.773,8009.078,310.7,347.7,4,1,8009078,15.896086206302,3,2,0,0,2093,0.02,0.039276978465886,-3.23711672142084,0.02,,,,,,,,8009078,0,1948,4,0,0
1953,Sri Lanka (Ceylon),780,0,0,0,0,0,1,4,1,4,0.874,-0.773,0,1,0,0,0,0,1,0,0,0,0,0,1,0,0.415,1.79175946922806,0,0,15.9253683012041,,-0.01,0,-3.26100936900014,6.7,0.467,0.12,0.12121212,4,3,4,2,1,4,2,1,4,4,1,4,0.874,1,-0.773,8247.068,325.1,329.9,4,1,8247068,15.9253683012041,3,2,0,0,2071,-0.01,0.0383496695075951,-3.26100936900014,-0.01,,,,,,,,8247068,0,1948,5,0,0
1954,Sri Lanka (Ceylon),780,0,0,0,0,0,1,4,1,4,0.874,-0.773,0,1,0,0,0,0,1,0,0,0,0,0,1,0,0.415,1.94591014905531,0,0,15.9538172922193,,0,0,-3.26873642421916,6.7,0.465,0.12,0.12121212,4,3,4,2,1,4,2,1,4,4,1,4,0.874,1,-0.773,8485.058,377.8,289.3,4,1,8485058,15.9538172922193,3,2,0,0,2066,0,0.0380544814297082,-3.26873642421916,0,,,,,,,,8485058,0,1948,6,0,0
1955,Sri Lanka (Ceylon),780,0,0,0,0,0,1,4,1,4,0.874,-0.773,0,1,0,0,0,0,1,0,0,0,0,0,1,0,0.415,2.07944154167984,0,0,15.9814792760942,,0.03,0,-3.2704168667343,6.7,0.463,0.12,0.12121212,4,3,4,2,1,4,2,1,4,4,1,4,0.874,1,-0.773,8723.048,404.9,301.3,4,1,8723048,15.9814792760942,3,2,0,0,2131,0.03,0.0379905867619163,-3.2704168667343,0.03,,,,,,,,8723048,0,1948,7,0,0
1956,Sri Lanka (Ceylon),780,0,0,0,0,0,1,4,1,3,0.865,0.164,0,1,0,0,0,0,1,0,0,0,0,0,1,0,0.415,2.19722457733622,0,0,16.0083967380497,,-0.02,0,-3.28663227910238,3.3,0.46,0.29,0.2929293,4,3,4,2,1,3,2,1,4,4,1,3,0.865,2,0.164,8961.039,362.2,338.2,4,1,8961039,16.0083967380497,3,2,0,0,2091,-0.02,0.0373795214587835,-3.28663227910238,-0.02,,,,,,,,8961039,0,1948,8,0,0
1957,Sri Lanka (Ceylon),780,0,0,0,0,0,1,4,1,3,0.865,0.446,0,1,0,0,0,0,1,0,0,0,0,0,1,0,0.415,2.30258509299405,0,0,16.0346084929709,,-0.01,0,-3.2737002826783,3.3,0.458,0.29,0.2929293,4,3,4,2,1,3,2,1,4,4,1,3,0.865,2,0.446,9199.029,351.4,368.6,4,1,9199029,16.0346084929709,3,2,0,0,2067,-0.01,0.0378660524245168,-3.2737002826783,-0.01,,,,,,,,9199029,0,1948,9,0,0
1958,Sri Lanka (Ceylon),780,0,0,0,0,0,1,4,1,3,0.865,0.446,0,1,0,0,0,0,1,0,0,0,0,0,1,0,0.415,2.39789527279837,0,0,16.0601507043531,,0,0,-3.309172500064,3.3,0.456,0.29,0.2929293,4,3,3,2,1,3,2,1,4,4,1,3,0.865,2,0.446,9437.019,357.8,357.5,4,1,9437019,16.0601507043531,3,2,0,0,2074,0,0.0365464033909709,-3.309172500064,0,,,,,,,,9437019,0,1948,10,0,0
1959,Sri Lanka (Ceylon),780,0,0,0,0,0,1,4,1,3,0.865,0.446,0,1,1,0,0,0,1,0,0,0,0,0,1,0,0.415,2.484906649788,0,0,16.0850568304713,,-0.01,0,-3.24946448231135,3.3,0.453,0.29,0.2929293,4,4,3,2,1,3,2,1,4,4,1,3,0.865,2,0.446,9675.01,350.3,418.4,4,1,9675010,16.0850568304713,3,2,0,0,2048,-0.01,0.0387949776666898,-3.24946448231135,-0.01,,,,,,,,9675010,0,1948,11,0,0
1960,Sri Lanka (Ceylon),780,0,0,0,0,0,1,4,1,3,0.865,0.446,0,1,1,0,0,0,1,0,0,0,0,0,1,0,0.415,2.56494935746154,0,0,16.109357585015,8.2522724143111,0.01,0,-3.26516097103124,10,0.451,0.29,0.2929293,4,4,3,2,1,3,2,1,4,4,1,3,0.865,2,0.446,9913,372.6,408.8,4,2,9913000,16.109357585015,3,2,0,0,2064,0.01,0.0381907869784959,-3.26516097103124,0.01,62.8658933094919,,,9783871,68.1,4.14100377990985,16.0962457714707,9913000,0,1948,12,0,0
1961,Sri Lanka (Ceylon),780,0,0,0,0,0,1,4,1,3,0.865,0.446,0,1,1,0,0,0,1,0,0,0,0,0,1,0,0.415,2.63905732961526,0,0,16.1362891411503,8.08702664766229,-0.01,0,-3.38491875127652,10,0.448,0.29,0.2929293,4,4,3,2,1,3,2,1,4,4,1,3,0.865,2,0.446,10183.6,353,354.3,4,2,10183600,16.1362891411503,3,2,0,0,2050,-0.01,0.0338803949726916,-3.38491875127652,-0.01,56.0229732203636,651.563646598046,,10022888,65.4,4.02576184268926,16.1203818356455,10183600,0,1948,13,0,0
1962,Sri Lanka (Ceylon),780,0,0,0,0,0,1,4,1,3,0.865,0.446,0,1,1,0,0,0,1,0,0,0,0,0,1,0,0.415,2.70805020110221,0,0,16.1625143695049,7.97496081495075,0.01,0,-3.40466639250893,10,0.446,0.29,0.2929293,4,4,3,2,1,3,2,1,4,4,1,3,0.865,2,0.446,10454.2,370.6,347.2,4,2,10454200,16.1625143695049,3,2,0,0,2067,0.01,0.0332178999739893,-3.40466639250893,0.01,56.9939692568149,660.352865151551,3.81801955804475,10267067,63.6,4.04294545972505,16.144451952022,10454200,0,1948,14,0,0
1963,Sri Lanka (Ceylon),780,0,0,0,0,0,1,4,1,3,0.865,0.446,0,1,1,0,0,0,1,0,0,0,0,0,1,0,0.415,2.77258872223978,0,0,16.1880693745858,7.89303490426845,0,0,-3.48763238234374,10,0.444,0.29,0.2929293,4,4,3,2,1,3,2,1,4,4,1,3,0.865,2,0.446,10724.8,358.2,316.6,4,2,10724800,16.1880693745858,3,2,0,0,2058,0,0.0305731721302574,-3.48763238234374,0,53.249379218369,660.850899673199,2.51674859426939,10517531,62.3,3.97498614665058,16.168554041911,10724800,0,1948,15,0,0
1964,Sri Lanka (Ceylon),780,0,0,0,0,0,1,4,1,3,0.865,0.446,0,1,1,0,0,0,1,0,0,0,0,0,1,0,0.415,2.83321334405622,0,0,16.2129875614821,7.81664889834512,0.02,0,-3.36922216680917,10,0.441,0.17,0.17171717,4,4,3,2,1,3,2,1,4,4,1,3,0.865,2,0.446,10995.4,384.3,411.9,4,2,10995400,16.2129875614821,3,2,0,0,2104,0.02,0.034416397150803,-3.36922216680917,0.02,51.3372618170153,670.315540633013,3.90643383679523,10774086,61.1,3.93841683972023,16.1926543643701,10995400,0,1948,16,0,0
1965,Sri Lanka (Ceylon),780,0,0,0,0,0,1,4,1,3,0.865,0.446,0,1,1,0,0,0,1,0,0,0,0,0,1,0,0.415,2.89037175789616,0,0,16.2372998984368,7.72657750883274,0.01,0,-3.50661606830195,3.3,0.439,0.17,0.17171717,4,4,3,2,1,3,2,1,4,4,1,3,0.865,2,0.446,11266,408.1,307.7,4,2,11266000,16.2372998984368,3,2,0,0,2118,0.01,0.029998254921298,-3.50661606830195,0.01,51.3978228599703,671.056338511222,2.53695353571972,11035224,59.7,3.93959581475413,16.2166028965154,11266000,0,1948,17,0,0
1966,Sri Lanka (Ceylon),780,0,0,0,0,0,1,4,1,3,0.865,0.446,0,1,1,0,0,0,1,0,0,0,0,0,1,0,0.415,2.94443897916644,0,0,16.26103514825,7.6223356000638,-0.03,0,-3.41344292280082,3.3,0.436,0.17,0.17171717,4,4,3,2,1,3,2,1,4,4,1,3,0.865,2,0.446,11536.6,351.7,425.9,4,2,11536600,16.26103514825,3,2,0,0,2047,-0.03,0.0329276376797225,-3.41344292280082,-0.03,48.2187837351565,688.271996427969,5.02378943837397,11299721,58.1,3.87574864919054,16.2402885931123,11536600,0,1948,18,0,0
1967,Sri Lanka (Ceylon),780,0,0,0,0,0,1,4,1,3,0.865,0.446,0,1,1,0,0,0,1,0,0,0,0,0,1,0,0.415,2.99573227355399,0,0,16.2842200728497,7.50999334220744,0.07,0,-3.6101804878672,3.3,0.434,0.17,0.17171717,4,4,3,2,1,3,2,1,4,4,1,3,0.865,2,0.446,11807.2,336.8,359.7,4,2,11807200,16.2842200728497,3,2,0,0,2181,0.07,0.027046964776798,-3.6101804878672,0.07,43.7645236250968,715.414127171908,6.43902442036845,11571008,56.4,3.77882352628789,16.2640132172419,11807200,0,1948,19,0,0
1968,Sri Lanka (Ceylon),780,0,0,0,0,0,1,4,1,3,0.865,0.446,0,1,1,0,0,0,1,0,0,0,0,0,1,0,0.415,3.04452243772342,0,0,16.3068796146799,7.40945342113708,0.05,0,-3.68261941099453,3.3,0.431,0.17,0.17171717,4,4,3,2,1,3,2,1,4,4,1,3,0.865,2,0.446,12077.8,331.2,364.9,4,2,12077800,16.3068796146799,3,2,0,0,2291,0.05,0.0251569919534994,-3.68261941099453,0.05,44.2101334325434,739.294130510686,5.80109416634996,11846815,54.9,3.78895402598658,16.2875696130473,12077800,0,1948,20,0,0
1969,Sri Lanka (Ceylon),780,0,0,0,0,0,1,4,1,3,0.865,0.446,0,1,1,0,0,0,1,0,0,0,0,0,1,0,0.415,3.09104245335832,0,0,16.3290370579895,7.3348483283569,0.02,0,-3.65525516942423,3.3,0.429,0.17,0.17171717,4,4,3,2,1,3,2,1,4,4,1,3,0.865,2,0.446,12348.4,315.37,428.202,4,2,12348400,16.3290370579895,3,2,0,0,2329,0.02,0.0258548992616111,-3.65525516942423,0.02,43.0098332620778,778.445448547751,7.71681966188542,12119207,53.8,3.7614287700636,16.310302107422,12348400,0,1948,21,0,0
1970,Sri Lanka (Ceylon),780,0,0,0,0,0,1,4,1,3,0.713,0.446,0,1,1,0,0,0,1,0,0,0,0,0,1,0,0.415,3.13549421592915,0,0,16.350714172635,7.28010988928052,0.03,0,-3.7289153058606,0,0.426,0.17,0.17171717,4,4,3,2,1,3,2,1,4,4,1,3,0.713,2,0.446,12619,335.216,388.876,4,2,12619000,16.350714172635,3,2,0,0,2389,0.03,0.0240188748447555,-3.7289153058606,0.03,54.0544496487119,790.799960345665,3.8466298565901,12388769,53,3.98999186537225,16.3323008943514,12619000,0,1948,22,0,0
1971,Sri Lanka (Ceylon),780,1,1,1,1,0,1,4,1,3,0.684,0.446,0,1,1,0,0,0,1,0,0,0,0,0,1,0,0.415,3.17805383034795,0,0,16.3698422080803,7.23878442834154,-0.03,0,-3.82109199723514,0,0.423,0.17,0.17171717,4,4,2,2,1,3,2,1,4,4,1,3,0.684,2,0.446,12862.7,324.16,330.047,4,2,12862700,16.3698422080803,3,2,0,0,2322,-0.03,0.0219038688655451,-3.82109199723514,-0.03,51.2241992882562,784.302629341524,1.30690539655231,12654651,52.4,3.936212062734,16.3535353735487,12862700,0,1948,23,1,1
1965,Zimbabwe (Rhodesia),552,0,0,0,0,0,1,2,0,4,0.023,-0.403,1,0,0,1,1,0,1,1,0,1,0,0,0,0,0.387,0,0,0,15.3486650876,9.03327183250897,0.03,0,-2.20371434842797,0,0.385,0.97,0.97,2,1,0,0,2,3,0,1,2,3,0,4,0.023,1,-0.403,4632.768,435.5,366.41,2,0,4632768,15.3486650876,0,1,1,1,1568,0.03,0.110392360221265,-2.20371434842797,0.03,,1157.20740089049,4.91057058723419,4447149,81.6,,15.3077737746657,4632768,0,1965,0,0,0
1966,Zimbabwe (Rhodesia),552,0,0,0,0,0,1,2,0,4,0.023,-0.403,1,0,0,1,1,0,1,1,0,1,0,0,0,0,0.387,0.693147180559945,0,0,15.3860250890376,8.9162772500635,-0.02,0,-3.2250523129334,0,0.383,0.97,0.97,2,1,0,0,2,2,0,1,2,3,0,4,0.023,1,-0.403,4809.122,196.629,97.98,2,0,4809122,15.3860250890376,0,1,1,1,1541,-0.02,0.0397537018890653,-3.2250523129334,-0.02,,1138.63466400451,1.52313002676185,4588529,79.5,,15.3390700513694,4809122,0,1965,1,0,0
1967,Zimbabwe (Rhodesia),552,0,0,0,0,0,1,2,0,4,0.023,-0.403,1,0,0,1,1,0,1,1,0,1,0,0,0,0,0.387,1.09861228866811,0,0,15.4220392426962,8.81476034841561,0.05,0,-2.73017356961269,0,0.381,0.97,0.97,2,1,0,0,2,2,0,1,2,3,0,4,0.023,1,-0.403,4985.475,264,262,2,0,4985475,15.4220392426962,0,1,1,1,1618,0.05,0.0652079705636345,-2.73017356961269,0.05,,1195.81239934246,8.36700892882493,4734694,77.7,,15.370427657382,4985475,0,1965,2,0,0
1968,Zimbabwe (Rhodesia),552,0,0,0,0,0,1,2,0,4,0.023,-0.403,1,0,0,1,1,0,1,1,0,1,0,0,0,0,0.387,1.38629436111989,0,0,15.4568015320169,8.71779788708135,-0.02,0,-2.70958853803499,0,0.379,0.97,0.97,2,1,0,0,2,2,0,1,2,3,0,4,0.023,1,-0.403,5161.829,257,290,2,0,5161829,15.4568015320169,0,1,1,1,1592,-0.02,0.0665641897133982,-2.70958853803499,-0.02,,1181.52701969425,1.97013496933123,4886347,76,,15.4019555475167,5161829,0,1965,3,0,0
1969,Zimbabwe (Rhodesia),552,0,0,0,0,0,1,2,0,4,0.023,-0.403,1,0,0,1,0,0,1,1,0,1,0,0,0,0,0.387,1.6094379124341,0,0,15.4903957035321,8.64291617453276,0.09,0,-2.73942258735144,0,0.376,0.97,0.97,2,1,0,0,1,2,0,1,2,3,0,4,0.023,1,-0.403,5338.182,318,279,2,0,5338182,15.4903957035321,0,1,1,1,1731,0.09,0.0646076413943086,-2.73942258735144,0.09,,1286.80946413388,12.4282358360867,5044163,74.7,,15.4337422911673,5338182,0,1965,4,0,0
1970,Zimbabwe (Rhodesia),552,0,0,0,0,0,1,2,0,4,0.023,-0.403,1,0,0,1,0,0,1,1,0,1,0,0,0,0,0.387,1.79175946922806,0,0,15.5228980729508,8.59069263796581,0.18,0,-2.78421244946968,0,0.374,0.97,0.97,2,1,0,0,1,2,0,1,2,3,0,4,0.023,1,-0.403,5514.536,367,329,2,0,5514536,15.5228980729508,0,1,1,1,2043,0.18,0.0617777229560844,-2.78421244946968,0.18,,1529.05596478972,22.5651508386179,5202918,73.8,,15.4647301800099,5514536,0,1965,5,0,0
1971,Zimbabwe (Rhodesia),552,0,0,0,0,0,1,2,0,4,0.023,-0.403,1,0,0,1,0,0,1,1,0,1,0,0,0,0,0.387,1.94591014905531,0,0,15.5524756990513,8.54985379991962,0.06,0,-2.7503060914854,0,0.372,0.97,0.97,2,1,0,0,1,2,0,1,2,3,0,4,0.023,1,-0.403,5680.079,388,395,2,0,5680079,15.5524756990513,0,1,1,1,2157,0.06,0.0639082964271716,-2.7503060914854,0.06,,1615.57201739023,8.91758664235272,5363423,73.1,,15.4951129486194,5680079,0,1965,6,0,0
1972,Zimbabwe (Rhodesia),552,1,1,1,1,0,1,2,0,4,0.023,-0.403,1,0,0,1,0,0,1,1,0,1,0,0,0,0,0.387,2.07944154167984,0,0,15.5812035629665,8.52056336165632,0.05,0,-2.67233030517574,0,0.37,0.97,0.97,2,1,0,0,1,2,0,1,2,3,0,4,0.023,1,-0.403,5845.622,499,417,2,0,5845622,15.5812035629665,0,1,1,1,2268,0.05,0.0690910343752534,-2.67233030517574,0.05,,1696.55500244643,8.32977472738663,5532842,72.6,,15.5262121655354,5845622,0,1965,7,1,1
1973,Zimbabwe (Rhodesia),552,1,1,1,1,0,1,2,0,4,0.023,-0.403,1,0,0,1,0,0,1,1,0,1,0,0,0,0,0.387,2.19722457733622,0,0,15.6091292976772,8.50881895447306,0.01,0,-2.44263796414485,0,0.368,0.97,0.97,2,1,0,0,1,2,0,1,2,3,0,4,0.023,1,-0.403,6011.166,652,541,2,0,6011166,15.6091292976772,0,1,1,1,2283,0.01,0.0869312272643498,-2.44263796414485,0.01,,1685.93644678006,2.60471469719272,5712712,72.4,,15.5582044250934,6011166,0,1965,8,1,1
1974,Zimbabwe (Rhodesia),552,1,1,1,1,0,1,2,0,4,0.023,-0.403,1,0,0,1,0,0,1,1,0,1,0,0,0,0,0.387,2.30258509299405,0,0,15.6362961633206,8.50881895447306,0,0,-2.41547073532257,0,0.366,0.97,0.97,2,1,0,0,1,2,0,1,2,3,0,4,0.023,1,-0.403,6176.709,687,568.2,2,0,6176709,15.6362961633206,0,1,1,1,2275,0,0.089325280458617,-2.41547073532257,0,,1739.52800475255,6.62515361761503,5903530,72.4,,15.5910610350476,6176709,0,1965,9,1,1
1975,Zimbabwe (Rhodesia),552,1,1,1,1,0,1,2,0,4,0.023,-0.403,1,0,0,1,0,0,1,1,0,1,0,0,0,0,0.387,2.39789527279837,0,0,15.6627444683903,8.52056336165632,-0.02,0,-2.37581504126715,0,0.367,0.97,0.97,2,1,0,0,1,2,0,1,2,3,0,4,0.023,1,-0.403,6342.252,722,595.4,2,0,6342252,15.6627444683903,0,1,1,1,2235,-0.02,0.092938709449525,-2.37581504126715,-0.02,47.1986084141958,1651.77865824722,-1.93122323866436,6097083,72.6,3.8543644094068,15.6233210180497,6342252,0,1965,10,1,1
1976,Zimbabwe (Rhodesia),552,1,1,1,1,0,1,2,0,4,0.023,-0.403,1,0,0,1,0,0,1,1,0,1,0,0,0,0,0.387,2.484906649788,0,0,15.6885112471323,8.52642949891688,-0.03,0,-2.32271048256244,0,0.369,0.97,0.97,2,1,0,0,1,2,0,1,2,3,0,4,0.023,1,-0.403,6507.795,757,622.59,2,0,6507795,15.6885112471323,0,1,1,1,2163,-0.03,0.0980075774323453,-2.32271048256244,-0.03,41.5573461480391,1608.97311979768,0.464838905185317,6288387,72.7,3.72707430827394,15.6542151569988,6507795,0,1965,11,1,1
1977,Zimbabwe (Rhodesia),552,1,1,1,1,0,1,2,0,4,0.023,-0.403,1,0,0,1,0,0,1,1,0,1,0,0,0,0,0.387,2.56494935746154,0,0,15.7136307424837,8.53229160308062,-0.1,0,-2.19801077109367,0,0.371,0.97,0.97,2,1,0,0,1,2,0,1,2,3,0,4,0.023,1,-0.403,6673.338,792,649.79,2,0,6673338,15.7136307424837,0,1,1,1,1946,-0.1,0.111023790579098,-2.19801077109367,-0.1,41.6126305714617,1460.34806058742,-6.86070319335013,6453044,72.8,3.72840374069043,15.6800625154287,6673338,0,1965,12,1,1
1978,Zimbabwe (Rhodesia),552,1,1,1,1,0,1,2,0,4,0.023,-0.403,1,0,0,1,0,0,1,1,0,1,0,0,0,0,0.387,2.63905732961526,0,0,15.7381348259469,8.5146931829632,0.01,0,-2.18947925238723,0,0.372,0.97,0.97,2,1,0,0,1,2,0,1,2,3,0,4,0.023,1,-0.403,6838.882,827,677,2,0,6838882,15.7381348259469,0,1,1,1,1964,0.01,0.111975044174319,-2.18947925238723,0.01,42.0071465659589,1399.92513743591,-2.70692248457598,6549349,72.5,3.73783976014078,15.694876213359,6838882,0,1965,13,1,1
1979,Zimbabwe (Rhodesia),552,1,1,1,1,0,1,2,0,4,0.023,-0.403,1,0,0,1,0,0,1,1,0,1,0,0,0,0,0.387,2.70805020110221,0,0,15.7620526501586,8.46758525200662,-0.02,0,-1.91995565920332,0,0.374,0.97,0.97,2,1,0,0,1,2,0,1,2,3,0,4,0.023,1,-0.403,7004.425,1053,929,2,0,7004425,15.7620526501586,0,1,1,1,1930,-0.02,0.146613462943974,-1.91995565920332,-0.02,44.4611366725541,1422.94589279007,3.29703539897524,6655833,71.7,3.79461547439354,15.7110041710242,7004425,0,1965,14,1,1
